Metric,Value
RMSE,38.83363983576205
MAE,34.38849290338646
MAPE,14.98923531981676
R2,-1.9429714842364172
