Metric,Value
RMSE,36.76278647969569
MAE,32.324676830508984
MAPE,14.069044859769889
R2,-1.6374649743229206
