Metric,Value
RMSE,3.361994084872535
MAE,2.467117441555886
MAPE,1.1337838186129938
R2,0.9779421211430939
