Metric,Value
RMSE,37.13332312491313
MAE,32.7631512533871
MAPE,14.267649131974133
R2,-1.6908995785613303
